package,task,rows,seconds,rows_per_s,note
quantpolars (128 threads),price,1669576,0.14013686496764421,11913895.75031155,max abs err 3.9e-12
quantpolars (128 threads),delta,1669576,0.06984747853130102,23903167.803714007,max abs err 4.0e-14
quantpolars (128 threads),implied vol,1669576,1.0828797612339258,1541792.5976357174,"median rel err 1.8e-15, max 1.6e-09"
quantpolars (1 thread),price,1669576,1.0395507412031293,1606055.3216168245,max abs err 3.9e-12
quantpolars (1 thread),delta,1669576,0.7817354230210185,2135730.262225958,max abs err 4.0e-14
quantpolars (1 thread),implied vol,1669576,16.20151052251458,103050.63825251714,"median rel err 1.8e-15, max 1.6e-09"
NumPy + SciPy,price,1669576,0.4021962406113744,4151147.702082184,max abs err 0.0e+00
NumPy + SciPy,delta,1669576,0.16321251168847084,10229460.858900176,max abs err 0.0e+00
NumPy + SciPy (bisection),implied vol,1669576,24.105355568230152,69261.62094038684,"median rel err 1.7e-15, max 1.1e-09"
financepy (numba),price,1669576,0.2513526286929846,6642365.3839694215,max abs err 8.4e-04
financepy (numba),delta,1669576,0.21002991776913404,7949229.413283904,max abs err 7.5e-08
financepy (numba),implied vol,1669576,112.06888662464917,14897.76556442368,"median rel err 1.2e-06, max 1.6e-04 (0 raised)"
pyfeng (NumPy),price,1669576,0.15193844307214022,10988502.753100391,max abs err 4.0e-12
pyfeng (NumPy),delta,1669576,0.08238684292882681,20265080.450313292,max abs err 5.3e-14
pyfeng (NumPy),implied vol,1669576,1.2477328972890973,1338087.6657395388,"median rel err 1.6e-15, max 7.1e-10"
vollib (Let's Be Rational),price,50000,0.3662692243233323,136511.6058887366,max abs err 2.6e-12
vollib (Let's Be Rational),delta,50000,0.3548657540231943,140898.35221668633,max abs err 2.6e-16
vollib (Let's Be Rational),implied vol,50000,1.9033775739371777,26269.09168451214,"median rel err 1.6e-15, max 3.7e-10"
QuantLib (scalar),price,50000,0.12994240690022707,384785.8539236634,max abs err 3.4e-12
QuantLib (scalar),delta,50000,0.3973390683531761,125837.1098699948,max abs err 3.8e-14
QuantLib (scalar),implied vol,50000,0.20831733476370573,240018.43176764422,"median rel err 3.6e-13, max 4.4e-10"
blackscholes (pure Python),price,5000,0.023268993943929672,214878.220005914,max abs err 1.8e-12
blackscholes (pure Python),delta,5000,0.014330243691802025,348912.41960249253,max abs err 2.2e-16
mibian (pure Python),price,5000,5.085949445143342,983.1006096166732,max abs err 1.8e-12
mibian (pure Python),implied vol,5000,38.37598247919232,130.28982392075642,"median rel err 2.1e-09, max 1.1e-02"
